{
  "auc_roc": 0.7452153110047847,
  "auc_pr": 0.24058996737124017,
  "report": {
    "0": {
      "precision": 0.8765432098765432,
      "recall": 0.9342105263157895,
      "f1-score": 0.9044585987261147,
      "support": 76.0
    },
    "1": {
      "precision": 0.16666666666666666,
      "recall": 0.09090909090909091,
      "f1-score": 0.11764705882352941,
      "support": 11.0
    },
    "accuracy": 0.8275862068965517,
    "macro avg": {
      "precision": 0.5216049382716049,
      "recall": 0.5125598086124402,
      "f1-score": 0.511052828774822,
      "support": 87.0
    },
    "weighted avg": {
      "precision": 0.7867887044132253,
      "recall": 0.8275862068965517,
      "f1-score": 0.8049766798878568,
      "support": 87.0
    }
  },
  "features": [
    "latency_ms_avg",
    "latency_ms_p95",
    "prb_util_pct_avg",
    "thrpt_mbps_avg",
    "jitter_ms_avg",
    "pkt_loss_pct_avg",
    "drop_rate_pct_avg",
    "sinr_db_avg",
    "rsrp_dbm_avg",
    "anomaly_rate",
    "hour",
    "n_samples",
    "latency_ms_p95_lag1",
    "prb_util_pct_avg_lag1",
    "thrpt_mbps_avg_lag1",
    "sinr_db_avg_lag1",
    "latency_ms_p95_chg1",
    "prb_util_pct_avg_chg1",
    "thrpt_mbps_avg_chg1",
    "sinr_db_avg_chg1",
    "latency_ms_p95_rm3",
    "prb_util_pct_avg_rm3",
    "thrpt_mbps_avg_rm3",
    "sinr_db_avg_rm3",
    "neighbor_degree",
    "pagerank",
    "betweenness"
  ],
  "operating_point": {
    "threshold": 0.08500131219625473,
    "precision": 0.3333333333333333,
    "recall": 0.6363636363636364,
    "f1": 0.4374999999995488
  },
  "report_at_threshold": {
    "0": {
      "precision": 0.9384615384615385,
      "recall": 0.8026315789473685,
      "f1-score": 0.8652482269503546,
      "support": 76.0
    },
    "1": {
      "precision": 0.3181818181818182,
      "recall": 0.6363636363636364,
      "f1-score": 0.42424242424242425,
      "support": 11.0
    },
    "accuracy": 0.7816091954022989,
    "macro avg": {
      "precision": 0.6283216783216783,
      "recall": 0.7194976076555024,
      "f1-score": 0.6447453255963894,
      "support": 87.0
    },
    "weighted avg": {
      "precision": 0.8600353669319187,
      "recall": 0.7816091954022989,
      "f1-score": 0.8094888725849841,
      "support": 87.0
    }
  }
}